Date/Time,Unit,Value,
12/5/2022 6:52,%RH,92,9
12/5/2022 7:52,%RH,86,804
12/5/2022 8:52,%RH,57,339
12/5/2022 9:52,%RH,59,207
12/5/2022 10:52,%RH,43,287
12/5/2022 11:52,%RH,35,67
12/5/2022 12:52,%RH,42,619
12/5/2022 13:52,%RH,32,905
12/5/2022 14:52,%RH,28,523
12/5/2022 15:52,%RH,22,808
12/5/2022 16:52,%RH,20,452
12/5/2022 17:52,%RH,40,774
12/5/2022 18:52,%RH,53,232
12/5/2022 19:52,%RH,58,431
12/5/2022 20:52,%RH,70,21
12/5/2022 21:52,%RH,71,232
12/5/2022 22:52,%RH,75,405
12/5/2022 23:52,%RH,80,724
13/05/22 0:52:01,%RH,83,49
13/05/22 1:52:01,%RH,81,549
13/05/22 2:52:01,%RH,79,896
13/05/22 3:52:01,%RH,81,822
13/05/22 4:52:01,%RH,81,959
13/05/22 5:52:01,%RH,80,34
13/05/22 6:52:01,%RH,78,924
13/05/22 7:52:01,%RH,62,284
13/05/22 8:52:01,%RH,50,827
13/05/22 9:52:01,%RH,41,95
13/05/22 10:52:01,%RH,31,511
13/05/22 11:52:01,%RH,23,889
13/05/22 12:52:01,%RH,29,53
13/05/22 13:52:01,%RH,23,889
13/05/22 14:52:01,%RH,18,81
13/05/22 15:52:01,%RH,18,993
13/05/22 16:52:01,%RH,17,709
13/05/22 17:52:01,%RH,29,933
13/05/22 18:52:01,%RH,29,582
13/05/22 19:52:01,%RH,38,915
13/05/22 20:52:01,%RH,44,119
13/05/22 21:52:01,%RH,31,161
13/05/22 22:52:01,%RH,29,757
13/05/22 23:52:01,%RH,32,383
14/05/22 0:52:01,%RH,43,952
14/05/22 1:52:01,%RH,52,913
14/05/22 2:52:01,%RH,59,362
14/05/22 3:52:01,%RH,60,905
14/05/22 4:52:01,%RH,60,597
14/05/22 5:52:01,%RH,60,751
14/05/22 6:52:01,%RH,97,884
14/05/22 7:52:01,%RH,100,545
14/05/22 8:52:01,%RH,101,38
14/05/22 9:52:01,%RH,101,261
14/05/22 10:52:01,%RH,101,617
14/05/22 11:52:01,%RH,99,463
14/05/22 12:52:01,%RH,77,525
14/05/22 13:52:01,%RH,39,931
14/05/22 14:52:01,%RH,29,229
14/05/22 15:52:01,%RH,25,323
14/05/22 16:52:01,%RH,23,889
14/05/22 17:52:01,%RH,37,895
14/05/22 18:52:01,%RH,50,2
14/05/22 19:52:01,%RH,64,107
14/05/22 20:52:01,%RH,82,232
14/05/22 21:52:01,%RH,83,49
14/05/22 22:52:01,%RH,83,456
14/05/22 23:52:01,%RH,83,185
15/05/22 0:52:01,%RH,84,535
15/05/22 1:52:01,%RH,95,54
15/05/22 2:52:01,%RH,96,532
15/05/22 3:52:01,%RH,92,646
15/05/22 4:52:01,%RH,93,154
15/05/22 5:52:01,%RH,97,639
15/05/22 6:52:01,%RH,97,271
15/05/22 7:52:01,%RH,93,533
15/05/22 8:52:01,%RH,97,148
15/05/22 9:52:01,%RH,74,55
15/05/22 10:52:01,%RH,58,431
15/05/22 11:52:01,%RH,51,149
15/05/22 12:52:01,%RH,44,782
15/05/22 13:52:01,%RH,51,471
15/05/22 14:52:01,%RH,57,339
15/05/22 15:52:01,%RH,52,113
15/05/22 16:52:01,%RH,50,2
15/05/22 17:52:01,%RH,72,537
15/05/22 18:52:01,%RH,76,821
15/05/22 19:52:01,%RH,88,254
15/05/22 20:52:01,%RH,97,884
15/05/22 21:52:01,%RH,99,222
15/05/22 22:52:01,%RH,100,425
15/05/22 23:52:01,%RH,100,665
16/05/22 0:52:01,%RH,100,425
16/05/22 1:52:01,%RH,99,945
16/05/22 2:52:01,%RH,100,186
16/05/22 3:52:01,%RH,99,945
16/05/22 4:52:01,%RH,101,142
16/05/22 5:52:01,%RH,100,306
16/05/22 6:52:01,%RH,100,784
16/05/22 7:52:01,%RH,100,545
16/05/22 8:52:01,%RH,92,646
16/05/22 9:52:01,%RH,84,131
16/05/22 10:52:01,%RH,88,778
16/05/22 11:52:01,%RH,86,804
16/05/22 12:52:01,%RH,100,66
16/05/22 13:52:01,%RH,94,38
16/05/22 14:52:01,%RH,75,689
16/05/22 15:52:01,%RH,56,555
16/05/22 16:52:01,%RH,61,978
16/05/22 17:52:01,%RH,78,365
16/05/22 18:52:01,%RH,80,448
16/05/22 19:52:01,%RH,83,49
16/05/22 20:52:01,%RH,90,208
16/05/22 21:52:01,%RH,91,753
16/05/22 22:52:01,%RH,92,646
16/05/22 23:52:01,%RH,93,786
17/05/22 0:52:01,%RH,94,289
17/05/22 1:52:01,%RH,97,517
17/05/22 2:52:01,%RH,99,825
17/05/22 3:52:01,%RH,100,545
17/05/22 4:52:01,%RH,100,784
17/05/22 5:52:01,%RH,100,784
17/05/22 6:52:01,%RH,101,617
17/05/22 7:52:01,%RH,101,38
17/05/22 8:52:01,%RH,100,904
17/05/22 9:52:01,%RH,98,858
17/05/22 10:52:01,%RH,91,881
17/05/22 11:52:01,%RH,84,401
17/05/22 12:52:01,%RH,92,9
17/05/22 13:52:01,%RH,78,924
17/05/22 14:52:01,%RH,66,63
17/05/22 15:52:01,%RH,70,648
17/05/22 16:52:01,%RH,61,366
17/05/22 17:52:01,%RH,66,661
17/05/22 18:52:01,%RH,74,835
17/05/22 19:52:01,%RH,79,63
17/05/22 20:52:01,%RH,88,254
17/05/22 21:52:01,%RH,90,596
17/05/22 22:52:01,%RH,93,28
17/05/22 23:52:01,%RH,95,166
18/05/22 0:52:01,%RH,97,271
18/05/22 1:52:01,%RH,96,779
18/05/22 2:52:01,%RH,98,25
18/05/22 3:52:01,%RH,98,494
18/05/22 4:52:01,%RH,98,858
18/05/22 5:52:01,%RH,99,222
18/05/22 6:52:01,%RH,100,425
18/05/22 7:52:01,%RH,99,584
18/05/22 8:52:01,%RH,100,66
18/05/22 9:52:01,%RH,98,372
18/05/22 10:52:01,%RH,97,517
18/05/22 11:52:01,%RH,94,54
18/05/22 12:52:01,%RH,94,54
18/05/22 13:52:01,%RH,75,547
18/05/22 14:52:01,%RH,72,103
18/05/22 15:52:01,%RH,58,119
18/05/22 16:52:01,%RH,42,452
18/05/22 17:52:01,%RH,55,295
18/05/22 18:52:01,%RH,64,107
18/05/22 19:52:01,%RH,70,94
18/05/22 20:52:01,%RH,81,959
18/05/22 21:52:01,%RH,86,671
18/05/22 22:52:01,%RH,92,136
18/05/22 23:52:01,%RH,95,166
19/05/22 0:52:01,%RH,97,394
19/05/22 1:52:01,%RH,98,98
19/05/22 2:52:01,%RH,97,517
19/05/22 3:52:01,%RH,101,38
19/05/22 4:52:01,%RH,101,23
19/05/22 5:52:01,%RH,101,23
19/05/22 6:52:01,%RH,102,209
19/05/22 7:52:01,%RH,100,784
19/05/22 8:52:01,%RH,91,497
19/05/22 9:52:01,%RH,58,742
19/05/22 10:52:01,%RH,47,252
19/05/22 11:52:01,%RH,40,437
19/05/22 12:52:01,%RH,42,285
19/05/22 13:52:01,%RH,33,425
19/05/22 14:52:01,%RH,29,53
19/05/22 15:52:01,%RH,24,248
19/05/22 16:52:01,%RH,24,69
19/05/22 17:52:01,%RH,39,254
19/05/22 18:52:01,%RH,46,267
19/05/22 19:52:01,%RH,57,26
19/05/22 20:52:01,%RH,66,63
19/05/22 21:52:01,%RH,74,835
19/05/22 22:52:01,%RH,78,784
19/05/22 23:52:01,%RH,87,465
20/05/22 0:52:01,%RH,88,778
20/05/22 1:52:01,%RH,87,991
20/05/22 2:52:01,%RH,95,166
20/05/22 3:52:01,%RH,96,902
20/05/22 4:52:01,%RH,98,6
20/05/22 5:52:01,%RH,98,6
20/05/22 6:52:01,%RH,98,615
20/05/22 7:52:01,%RH,90,854
20/05/22 8:52:01,%RH,70,356
20/05/22 9:52:01,%RH,57,963
20/05/22 10:52:01,%RH,44,782
20/05/22 11:52:01,%RH,37,554
20/05/22 12:52:01,%RH,30,986
20/05/22 13:52:01,%RH,27,461
20/05/22 14:52:01,%RH,25,145
20/05/22 15:52:01,%RH,23,709
20/05/22 16:52:01,%RH,24,966
20/05/22 17:52:01,%RH,36,185
20/05/22 18:52:01,%RH,43,453
20/05/22 19:52:01,%RH,50,181
20/05/22 20:52:01,%RH,58,897
20/05/22 21:52:01,%RH,64,409
20/05/22 22:52:01,%RH,66,661
20/05/22 23:52:01,%RH,61,825
21/05/22 0:52:01,%RH,60,751
21/05/22 1:52:01,%RH,54,504
21/05/22 2:52:01,%RH,50,181
21/05/22 3:52:01,%RH,53,551
21/05/22 4:52:01,%RH,53,73
21/05/22 5:52:01,%RH,54,346
21/05/22 6:52:01,%RH,58,586
21/05/22 7:52:01,%RH,69,77
21/05/22 8:52:01,%RH,66,213
21/05/22 9:52:01,%RH,65,764
21/05/22 10:52:01,%RH,60,751
21/05/22 11:52:01,%RH,55,926
21/05/22 12:52:01,%RH,56,398
21/05/22 13:52:01,%RH,59,362
21/05/22 14:52:01,%RH,60,905
21/05/22 15:52:01,%RH,64,107
21/05/22 16:52:01,%RH,71,86
21/05/22 17:52:01,%RH,71,813
21/05/22 18:52:01,%RH,93,912
21/05/22 19:52:01,%RH,97,639
21/05/22 20:52:01,%RH,98,6
21/05/22 21:52:01,%RH,99,343
21/05/22 22:52:01,%RH,99,463
21/05/22 23:52:01,%RH,99,463
22/05/22 0:52:01,%RH,99,584
22/05/22 1:52:01,%RH,99,705
22/05/22 2:52:01,%RH,98,128
22/05/22 3:52:01,%RH,97,517
22/05/22 4:52:01,%RH,95,416
22/05/22 5:52:01,%RH,100,545
22/05/22 6:52:01,%RH,101,23
22/05/22 7:52:01,%RH,101,23
22/05/22 8:52:01,%RH,100,425
22/05/22 9:52:01,%RH,99,945
22/05/22 10:52:01,%RH,92,9
22/05/22 11:52:01,%RH,74,264
22/05/22 12:52:01,%RH,59,826
22/05/22 13:52:01,%RH,48,559
22/05/22 14:52:01,%RH,55,295
22/05/22 15:52:01,%RH,33,945
22/05/22 16:52:01,%RH,43,952
22/05/22 17:52:01,%RH,55,611
22/05/22 18:52:01,%RH,66,363
22/05/22 19:52:01,%RH,74,407
22/05/22 20:52:01,%RH,79,202
22/05/22 21:52:01,%RH,85,74
22/05/22 22:52:01,%RH,92,9
22/05/22 23:52:01,%RH,94,791
23/05/22 0:52:01,%RH,96,779
23/05/22 1:52:01,%RH,98,494
23/05/22 2:52:01,%RH,98,6
23/05/22 3:52:01,%RH,98,858
23/05/22 4:52:01,%RH,100,186
23/05/22 5:52:01,%RH,99,222
23/05/22 6:52:01,%RH,100,306
23/05/22 7:52:01,%RH,100,306
23/05/22 8:52:01,%RH,98,25
23/05/22 9:52:01,%RH,92,9
23/05/22 10:52:01,%RH,82,232
23/05/22 11:52:01,%RH,97,884
23/05/22 12:52:01,%RH,95,416
23/05/22 13:52:01,%RH,59,207
23/05/22 14:52:01,%RH,46,102
23/05/22 15:52:01,%RH,41,279
23/05/22 16:52:01,%RH,30,285
23/05/22 17:52:01,%RH,48,721
23/05/22 18:52:01,%RH,55,926
23/05/22 19:52:01,%RH,66,512
23/05/22 20:52:01,%RH,75,689
23/05/22 21:52:01,%RH,83,726
23/05/22 22:52:01,%RH,87,465
23/05/22 23:52:01,%RH,90,596
24/05/22 0:52:01,%RH,91,881
24/05/22 1:52:01,%RH,94,164
24/05/22 2:52:01,%RH,92,646
24/05/22 3:52:01,%RH,96,285
24/05/22 4:52:01,%RH,98,128
24/05/22 5:52:01,%RH,98,25
24/05/22 6:52:01,%RH,97,884
24/05/22 7:52:01,%RH,90,983
24/05/22 8:52:01,%RH,78,924
24/05/22 9:52:01,%RH,71,86
24/05/22 10:52:01,%RH,59,207
24/05/22 11:52:01,%RH,46,267
24/05/22 12:52:01,%RH,48,721
24/05/22 13:52:01,%RH,38,745
24/05/22 14:52:01,%RH,30,811
24/05/22 15:52:01,%RH,31,86
24/05/22 16:52:01,%RH,27,993
24/05/22 17:52:01,%RH,50,2
24/05/22 18:52:01,%RH,62,284
24/05/22 19:52:01,%RH,69,623
24/05/22 20:52:01,%RH,74,978
24/05/22 21:52:01,%RH,82,369
24/05/22 22:52:01,%RH,87,333
24/05/22 23:52:01,%RH,89,169
25/05/22 0:52:01,%RH,91,497
25/05/22 1:52:01,%RH,92,391
25/05/22 2:52:01,%RH,95,291
25/05/22 3:52:01,%RH,96,779
25/05/22 4:52:01,%RH,97,639
25/05/22 5:52:01,%RH,98,615
25/05/22 6:52:01,%RH,100,66
25/05/22 7:52:01,%RH,91,881
25/05/22 8:52:01,%RH,70,794
25/05/22 9:52:01,%RH,55,926
25/05/22 10:52:01,%RH,42,118
25/05/22 11:52:01,%RH,30,285
25/05/22 12:52:01,%RH,27,283
25/05/22 13:52:01,%RH,24,966
25/05/22 14:52:01,%RH,22,266
25/05/22 15:52:01,%RH,20,998
25/05/22 16:52:01,%RH,22,447
25/05/22 17:52:01,%RH,45,938
25/05/22 18:52:01,%RH,51,31
25/05/22 19:52:01,%RH,58,431
25/05/22 20:52:01,%RH,66,811
25/05/22 21:52:01,%RH,74,12
25/05/22 22:52:01,%RH,76,256
25/05/22 23:52:01,%RH,75,689
26/05/22 0:52:01,%RH,78,784
26/05/22 1:52:01,%RH,78,226
26/05/22 2:52:01,%RH,78,226
26/05/22 3:52:01,%RH,72,971
26/05/22 4:52:01,%RH,62,131
26/05/22 5:52:01,%RH,56,398
26/05/22 6:52:01,%RH,56,555
26/05/22 7:52:01,%RH,48,233
26/05/22 8:52:01,%RH,44,782
26/05/22 9:52:01,%RH,38,575
26/05/22 10:52:01,%RH,32,383
26/05/22 11:52:01,%RH,29,405
26/05/22 12:52:01,%RH,24,248
26/05/22 13:52:01,%RH,20,998
26/05/22 14:52:01,%RH,18,76
26/05/22 15:52:01,%RH,16,604
26/05/22 16:52:01,%RH,16,789
26/05/22 17:52:01,%RH,33,252
26/05/22 18:52:01,%RH,41,111
26/05/22 19:52:01,%RH,50,343
26/05/22 20:52:01,%RH,52,434
26/05/22 21:52:01,%RH,60,751
26/05/22 22:52:01,%RH,62,589
26/05/22 23:52:01,%RH,65,764
27/05/22 0:52:01,%RH,65,914
27/05/22 1:52:01,%RH,64,258
27/05/22 2:52:01,%RH,57,495
27/05/22 3:52:01,%RH,49,372
27/05/22 4:52:01,%RH,45,443
27/05/22 5:52:01,%RH,43,453
27/05/22 6:52:01,%RH,43,453
27/05/22 7:52:01,%RH,38,235
27/05/22 8:52:01,%RH,33,599
27/05/22 9:52:01,%RH,28,17
27/05/22 10:52:01,%RH,23,169
27/05/22 11:52:01,%RH,20,452
27/05/22 12:52:01,%RH,16,42
27/05/22 13:52:01,%RH,11,393
27/05/22 14:52:01,%RH,9,51
27/05/22 15:52:01,%RH,10,265
27/05/22 16:52:01,%RH,9,699
27/05/22 17:52:01,%RH,20,634
27/05/22 18:52:01,%RH,35,326
27/05/22 19:52:01,%RH,42,285
27/05/22 20:52:01,%RH,48,7
27/05/22 21:52:01,%RH,48,884
27/05/22 22:52:01,%RH,49,372
27/05/22 23:52:01,%RH,48,396
28/05/22 0:52:01,%RH,52,913
28/05/22 1:52:01,%RH,50,988
28/05/22 2:52:01,%RH,37,383
28/05/22 3:52:01,%RH,33,425
28/05/22 4:52:01,%RH,35,498
28/05/22 5:52:01,%RH,32,557
28/05/22 6:52:01,%RH,36,185
28/05/22 7:52:01,%RH,32,383
28/05/22 8:52:01,%RH,29,53
28/05/22 9:52:01,%RH,24,69
28/05/22 10:52:01,%RH,21,542
28/05/22 11:52:01,%RH,21,542
28/05/22 12:52:01,%RH,17,709
28/05/22 13:52:01,%RH,16,604
28/05/22 14:52:01,%RH,18,26
28/05/22 15:52:01,%RH,17,341
28/05/22 16:52:01,%RH,17,157
28/05/22 17:52:01,%RH,31,86
28/05/22 18:52:01,%RH,37,383
28/05/22 19:52:01,%RH,41,95
28/05/22 20:52:01,%RH,49,209
28/05/22 21:52:01,%RH,51,149
28/05/22 22:52:01,%RH,56,869
28/05/22 23:52:01,%RH,61,978
29/05/22 0:52:01,%RH,68,444
29/05/22 1:52:01,%RH,87,728
29/05/22 2:52:01,%RH,93,154
29/05/22 3:52:01,%RH,93,912
29/05/22 4:52:01,%RH,92,9
29/05/22 5:52:01,%RH,91,625
29/05/22 6:52:01,%RH,90,208
29/05/22 7:52:01,%RH,86,273
29/05/22 8:52:01,%RH,78,784
29/05/22 9:52:01,%RH,70,502
29/05/22 10:52:01,%RH,67,109
29/05/22 11:52:01,%RH,66,661
29/05/22 12:52:01,%RH,63,956
29/05/22 13:52:01,%RH,54,821
29/05/22 14:52:01,%RH,36,185
29/05/22 15:52:01,%RH,32,731
29/05/22 16:52:01,%RH,40,774
29/05/22 17:52:01,%RH,45,443
29/05/22 18:52:01,%RH,51,793
29/05/22 19:52:01,%RH,54,663
29/05/22 20:52:01,%RH,60,597
29/05/22 21:52:01,%RH,65,464
29/05/22 22:52:01,%RH,71,668
29/05/22 23:52:01,%RH,71,958
30/05/22 0:52:01,%RH,75,831
30/05/22 1:52:01,%RH,83,49
30/05/22 2:52:01,%RH,85,34
30/05/22 3:52:01,%RH,83,591
30/05/22 4:52:01,%RH,85,34
30/05/22 5:52:01,%RH,92,9
30/05/22 6:52:01,%RH,90,338
30/05/22 7:52:01,%RH,92,136
30/05/22 8:52:01,%RH,94,38
30/05/22 9:52:01,%RH,88,254
30/05/22 10:52:01,%RH,91,625
30/05/22 11:52:01,%RH,75,405
30/05/22 12:52:01,%RH,46,924
30/05/22 13:52:01,%RH,67,257
30/05/22 14:52:01,%RH,81,411
30/05/22 15:52:01,%RH,64,409
30/05/22 16:52:01,%RH,60,443
30/05/22 17:52:01,%RH,71,813
30/05/22 18:52:01,%RH,71,958
30/05/22 19:52:01,%RH,79,896
30/05/22 20:52:01,%RH,82,505
30/05/22 21:52:01,%RH,82,777
30/05/22 22:52:01,%RH,83,996
30/05/22 23:52:01,%RH,83,185
31/05/22 0:52:01,%RH,87,201
31/05/22 1:52:01,%RH,89,39
31/05/22 2:52:01,%RH,87,86
31/05/22 3:52:01,%RH,92,9
31/05/22 4:52:01,%RH,96,161
31/05/22 5:52:01,%RH,95,41
31/05/22 6:52:01,%RH,92,264
31/05/22 7:52:01,%RH,92,264
31/05/22 8:52:01,%RH,82,505
31/05/22 9:52:01,%RH,71,523
31/05/22 10:52:01,%RH,63,198
31/05/22 11:52:01,%RH,50,343
31/05/22 12:52:01,%RH,64,862
31/05/22 13:52:01,%RH,95,166
31/05/22 14:52:01,%RH,74,55
31/05/22 15:52:01,%RH,80,586
31/05/22 16:52:01,%RH,72,393
31/05/22 17:52:01,%RH,63,956
31/05/22 18:52:01,%RH,67,406
31/05/22 19:52:01,%RH,74,978
31/05/22 20:52:01,%RH,80,172
31/05/22 21:52:01,%RH,81,822
31/05/22 22:52:01,%RH,81,822
31/05/22 23:52:01,%RH,80,586
1/6/2022 0:52,%RH,86,804
1/6/2022 1:52,%RH,91,497
1/6/2022 2:52,%RH,94,38
1/6/2022 3:52,%RH,95,166
1/6/2022 4:52,%RH,97,639
1/6/2022 5:52,%RH,99,584
1/6/2022 6:52,%RH,100,784
1/6/2022 7:52,%RH,101,142
1/6/2022 8:52,%RH,96,902
1/6/2022 9:52,%RH,94,666
1/6/2022 10:52,%RH,81,549
1/6/2022 11:52,%RH,54,504
1/6/2022 12:52,%RH,52,753
1/6/2022 13:52,%RH,87,69
1/6/2022 14:52,%RH,96,161
1/6/2022 15:52,%RH,85,473
1/6/2022 16:52,%RH,65,12
1/6/2022 17:52,%RH,70,21
1/6/2022 18:52,%RH,78,784
1/6/2022 19:52,%RH,81,959
1/6/2022 20:52,%RH,89,56
1/6/2022 21:52,%RH,92,136
1/6/2022 22:52,%RH,94,164
1/6/2022 23:52,%RH,93,786
2/6/2022 0:52,%RH,95,665
2/6/2022 1:52,%RH,94,791
2/6/2022 2:52,%RH,93,154
2/6/2022 3:52,%RH,98,494
2/6/2022 4:52,%RH,97,271
2/6/2022 5:52,%RH,93,28
2/6/2022 6:52,%RH,100,306
2/6/2022 7:52,%RH,101,23
2/6/2022 8:52,%RH,100,425
2/6/2022 9:52,%RH,98,615
2/6/2022 10:52,%RH,94,38
2/6/2022 11:52,%RH,78,924
2/6/2022 12:52,%RH,57,651
2/6/2022 13:52,%RH,41,447
2/6/2022 14:52,%RH,39,424
2/6/2022 15:52,%RH,37,554
2/6/2022 16:52,%RH,42,953
2/6/2022 17:52,%RH,50,988
2/6/2022 18:52,%RH,63,956
2/6/2022 19:52,%RH,65,764
2/6/2022 20:52,%RH,73,546
2/6/2022 21:52,%RH,77,525
2/6/2022 22:52,%RH,81,685
2/6/2022 23:52,%RH,83,591
3/6/2022 0:52,%RH,94,54
3/6/2022 1:52,%RH,90,208
3/6/2022 2:52,%RH,90,854
3/6/2022 3:52,%RH,90,983
3/6/2022 4:52,%RH,95,41
3/6/2022 5:52,%RH,94,38
3/6/2022 6:52,%RH,92,519
3/6/2022 7:52,%RH,87,597
3/6/2022 8:52,%RH,66,363
3/6/2022 9:52,%RH,68,148
3/6/2022 10:52,%RH,59,207
3/6/2022 11:52,%RH,47,579
3/6/2022 12:52,%RH,37,212
3/6/2022 13:52,%RH,56,241
3/6/2022 14:52,%RH,80,724
3/6/2022 15:52,%RH,95,789
3/6/2022 16:52,%RH,86,7
3/6/2022 17:52,%RH,83,456
3/6/2022 18:52,%RH,68,296
3/6/2022 19:52,%RH,70,794
3/6/2022 20:52,%RH,77,384
3/6/2022 21:52,%RH,88,123
3/6/2022 22:52,%RH,93,407
3/6/2022 23:52,%RH,94,916
4/6/2022 0:52,%RH,97,394
4/6/2022 1:52,%RH,97,762
4/6/2022 2:52,%RH,98,372
4/6/2022 3:52,%RH,99,463
4/6/2022 4:52,%RH,100,545
4/6/2022 5:52,%RH,100,784
4/6/2022 6:52,%RH,101,142
4/6/2022 7:52,%RH,100,665
4/6/2022 8:52,%RH,97,25
4/6/2022 9:52,%RH,84,669
4/6/2022 10:52,%RH,93,533
4/6/2022 11:52,%RH,73,834
4/6/2022 12:52,%RH,68,148
4/6/2022 13:52,%RH,50,343
4/6/2022 14:52,%RH,38,575
4/6/2022 15:52,%RH,32,905
4/6/2022 16:52,%RH,28,523
4/6/2022 17:52,%RH,53,551
4/6/2022 18:52,%RH,65,764
4/6/2022 19:52,%RH,75,405
4/6/2022 20:52,%RH,82,96
4/6/2022 21:52,%RH,84,535
4/6/2022 22:52,%RH,86,936
4/6/2022 23:52,%RH,89,56
5/6/2022 0:52,%RH,92,264
5/6/2022 1:52,%RH,94,164
5/6/2022 2:52,%RH,96,409
5/6/2022 3:52,%RH,94,289
5/6/2022 4:52,%RH,95,789
5/6/2022 5:52,%RH,94,791
5/6/2022 6:52,%RH,93,407
5/6/2022 7:52,%RH,90,467
5/6/2022 8:52,%RH,80,862
5/6/2022 9:52,%RH,52,913
5/6/2022 10:52,%RH,50,666
5/6/2022 11:52,%RH,44,616
5/6/2022 12:52,%RH,36,14
5/6/2022 13:52,%RH,30,986
5/6/2022 14:52,%RH,27,283
5/6/2022 15:52,%RH,28,347
5/6/2022 16:52,%RH,22,628
5/6/2022 17:52,%RH,42,452
5/6/2022 18:52,%RH,50,343
5/6/2022 19:52,%RH,57,807
5/6/2022 20:52,%RH,69,476
5/6/2022 21:52,%RH,73,69
5/6/2022 22:52,%RH,77,384
5/6/2022 23:52,%RH,82,96
6/6/2022 0:52,%RH,85,74
6/6/2022 1:52,%RH,87,333
6/6/2022 2:52,%RH,92,391
6/6/2022 3:52,%RH,94,164
6/6/2022 4:52,%RH,95,416
6/6/2022 5:52,%RH,95,291
6/6/2022 6:52,%RH,95,41
6/6/2022 7:52,%RH,87,991
6/6/2022 8:52,%RH,83,996
6/6/2022 9:52,%RH,70,356
6/6/2022 10:52,%RH,49,209
6/6/2022 11:52,%RH,45,938
6/6/2022 12:52,%RH,41,615
6/6/2022 13:52,%RH,38,405
6/6/2022 14:52,%RH,33,772
6/6/2022 15:52,%RH,32,905
6/6/2022 16:52,%RH,41,615
6/6/2022 17:52,%RH,53,551
6/6/2022 18:52,%RH,65,464
6/6/2022 19:52,%RH,73,69
6/6/2022 20:52,%RH,73,546
6/6/2022 21:52,%RH,76,256
6/6/2022 22:52,%RH,79,341
6/6/2022 23:52,%RH,82,96
7/6/2022 0:52,%RH,85,74
7/6/2022 1:52,%RH,84,938
7/6/2022 2:52,%RH,86,273
7/6/2022 3:52,%RH,87,333
7/6/2022 4:52,%RH,91,368
7/6/2022 5:52,%RH,92,264
7/6/2022 6:52,%RH,97,148
7/6/2022 7:52,%RH,78,365
7/6/2022 8:52,%RH,60,289
7/6/2022 9:52,%RH,51,471
7/6/2022 10:52,%RH,41,279
7/6/2022 11:52,%RH,41,615
7/6/2022 12:52,%RH,33,945
7/6/2022 13:52,%RH,29,53
7/6/2022 14:52,%RH,27,106
7/6/2022 15:52,%RH,24,69
7/6/2022 16:52,%RH,21,542
7/6/2022 17:52,%RH,40,943
7/6/2022 18:52,%RH,51,953
7/6/2022 19:52,%RH,62,893
7/6/2022 20:52,%RH,72,971
7/6/2022 21:52,%RH,79,63
7/6/2022 22:52,%RH,80,34
7/6/2022 23:52,%RH,80,999
8/6/2022 0:52,%RH,91,881
8/6/2022 1:52,%RH,96,779
8/6/2022 2:52,%RH,98,25
8/6/2022 3:52,%RH,99,222
8/6/2022 4:52,%RH,99,825
8/6/2022 5:52,%RH,100,306
8/6/2022 6:52,%RH,100,306
8/6/2022 7:52,%RH,100,306
8/6/2022 8:52,%RH,99,825
8/6/2022 9:52,%RH,100,306
8/6/2022 10:52,%RH,98,494
8/6/2022 11:52,%RH,94,38
8/6/2022 12:52,%RH,92,136
8/6/2022 13:52,%RH,86,273
8/6/2022 14:52,%RH,82,641
8/6/2022 15:52,%RH,68,296
8/6/2022 16:52,%RH,91,625
8/6/2022 17:52,%RH,93,66
8/6/2022 18:52,%RH,94,38
8/6/2022 19:52,%RH,94,54
8/6/2022 20:52,%RH,97,25
8/6/2022 21:52,%RH,96,285
8/6/2022 22:52,%RH,98,737
8/6/2022 23:52,%RH,99,222
9/6/2022 0:52,%RH,98,98
9/6/2022 1:52,%RH,99,343
9/6/2022 2:52,%RH,99,705
9/6/2022 3:52,%RH,99,343
9/6/2022 4:52,%RH,99,945
9/6/2022 5:52,%RH,100,665
9/6/2022 6:52,%RH,100,784
9/6/2022 7:52,%RH,99,343
9/6/2022 8:52,%RH,96,902
9/6/2022 9:52,%RH,82,232
9/6/2022 10:52,%RH,71,377
9/6/2022 11:52,%RH,59,52
9/6/2022 12:52,%RH,49,696
9/6/2022 13:52,%RH,41,111
9/6/2022 14:52,%RH,37,895
9/6/2022 15:52,%RH,33,252
9/6/2022 16:52,%RH,28,523
9/6/2022 17:52,%RH,56,555
9/6/2022 18:52,%RH,62,284
9/6/2022 19:52,%RH,69,916
9/6/2022 20:52,%RH,75,263
9/6/2022 21:52,%RH,81,959
9/6/2022 22:52,%RH,86,7
9/6/2022 23:52,%RH,88,778
10/6/2022 0:52,%RH,89,43
10/6/2022 1:52,%RH,90,79
10/6/2022 2:52,%RH,93,407
10/6/2022 3:52,%RH,95,166
10/6/2022 4:52,%RH,94,164
10/6/2022 5:52,%RH,96,532
10/6/2022 6:52,%RH,95,41
10/6/2022 7:52,%RH,73,115
10/6/2022 8:52,%RH,62,131
10/6/2022 9:52,%RH,51,149
10/6/2022 10:52,%RH,42,118
10/6/2022 11:52,%RH,38,65
10/6/2022 12:52,%RH,31,511
10/6/2022 13:52,%RH,27,461
10/6/2022 14:52,%RH,24,966
10/6/2022 15:52,%RH,25,323
10/6/2022 16:52,%RH,24,966
10/6/2022 17:52,%RH,43,786
10/6/2022 18:52,%RH,51,953
10/6/2022 19:52,%RH,59,981
10/6/2022 20:52,%RH,66,512
10/6/2022 21:52,%RH,70,794
10/6/2022 22:52,%RH,73,977
10/6/2022 23:52,%RH,78,505
11/6/2022 0:52,%RH,80,34
11/6/2022 1:52,%RH,80,724
11/6/2022 2:52,%RH,84,401
11/6/2022 3:52,%RH,86,7
11/6/2022 4:52,%RH,87,597
11/6/2022 5:52,%RH,90,467
11/6/2022 6:52,%RH,91,368
11/6/2022 7:52,%RH,81,685
11/6/2022 8:52,%RH,61,59
11/6/2022 9:52,%RH,50,827
11/6/2022 10:52,%RH,44,947
11/6/2022 11:52,%RH,39,424
11/6/2022 12:52,%RH,34,637
11/6/2022 13:52,%RH,29,933
11/6/2022 14:52,%RH,25,323
11/6/2022 15:52,%RH,22,86
11/6/2022 16:52,%RH,21,723
11/6/2022 17:52,%RH,39,593
11/6/2022 18:52,%RH,46,102
11/6/2022 19:52,%RH,59,362
11/6/2022 20:52,%RH,66,213
11/6/2022 21:52,%RH,70,794
11/6/2022 22:52,%RH,73,977
11/6/2022 23:52,%RH,77,384
12/6/2022 0:52,%RH,80,724
12/6/2022 1:52,%RH,81,274
12/6/2022 2:52,%RH,82,232
12/6/2022 3:52,%RH,87,333
12/6/2022 4:52,%RH,89,82
12/6/2022 5:52,%RH,91,625
12/6/2022 6:52,%RH,91,625
12/6/2022 7:52,%RH,72,537
12/6/2022 8:52,%RH,60,289
12/6/2022 9:52,%RH,52,753
12/6/2022 10:52,%RH,47,906
12/6/2022 11:52,%RH,38,915
12/6/2022 12:52,%RH,34,982
12/6/2022 13:52,%RH,32,209
12/6/2022 14:52,%RH,27,993
12/6/2022 15:52,%RH,27,461
12/6/2022 16:52,%RH,24,607
12/6/2022 17:52,%RH,44,947
12/6/2022 18:52,%RH,47,88
12/6/2022 19:52,%RH,58,119
12/6/2022 20:52,%RH,63,653
12/6/2022 21:52,%RH,70,94
12/6/2022 22:52,%RH,74,407
12/6/2022 23:52,%RH,77,946
13/06/22 0:52:01,%RH,80,724
13/06/22 1:52:01,%RH,79,63
13/06/22 2:52:01,%RH,82,96
13/06/22 3:52:01,%RH,87,597
13/06/22 4:52:01,%RH,89,3
13/06/22 5:52:01,%RH,93,27
13/06/22 6:52:01,%RH,92,9
13/06/22 7:52:01,%RH,72,826
13/06/22 8:52:01,%RH,60,443
13/06/22 9:52:01,%RH,53,71
13/06/22 10:52:01,%RH,42,953
13/06/22 11:52:01,%RH,28,17
13/06/22 12:52:01,%RH,25,145
13/06/22 13:52:01,%RH,21,361
13/06/22 14:52:01,%RH,21,723
13/06/22 15:52:01,%RH,19,906
13/06/22 16:52:01,%RH,19,906
13/06/22 17:52:01,%RH,33,945
13/06/22 18:52:01,%RH,40,774
13/06/22 19:52:01,%RH,45,938
13/06/22 20:52:01,%RH,53,232
13/06/22 21:52:01,%RH,59,207
13/06/22 22:52:01,%RH,62,131
13/06/22 23:52:01,%RH,59,672
14/06/22 0:52:01,%RH,61,825
14/06/22 1:52:01,%RH,66,96
14/06/22 2:52:01,%RH,81,959
14/06/22 3:52:01,%RH,86,539
14/06/22 4:52:01,%RH,92,391
14/06/22 5:52:01,%RH,95,665
14/06/22 6:52:01,%RH,97,884
14/06/22 7:52:01,%RH,97,762
14/06/22 8:52:01,%RH,94,54
14/06/22 9:52:01,%RH,90,338
14/06/22 10:52:01,%RH,91,881
14/06/22 11:52:01,%RH,79,202
14/06/22 12:52:01,%RH,71,958
14/06/22 13:52:01,%RH,66,213
14/06/22 14:52:01,%RH,45,608
14/06/22 15:52:01,%RH,35,498
14/06/22 16:52:01,%RH,34,809
14/06/22 17:52:01,%RH,57,963
14/06/22 18:52:01,%RH,65,163
14/06/22 19:52:01,%RH,72,393
14/06/22 20:52:01,%RH,78,924
14/06/22 21:52:01,%RH,83,32
14/06/22 22:52:01,%RH,88,385
14/06/22 23:52:01,%RH,90,208
15/06/22 0:52:01,%RH,90,725
15/06/22 1:52:01,%RH,94,54
15/06/22 2:52:01,%RH,96,532
15/06/22 3:52:01,%RH,98,372
15/06/22 4:52:01,%RH,99,222
15/06/22 5:52:01,%RH,99,463
15/06/22 6:52:01,%RH,96,656
15/06/22 7:52:01,%RH,92,773
15/06/22 8:52:01,%RH,86,539
15/06/22 9:52:01,%RH,75,405
15/06/22 10:52:01,%RH,65,614
15/06/22 11:52:01,%RH,57,339
15/06/22 12:52:01,%RH,76,821
15/06/22 13:52:01,%RH,44,782
15/06/22 14:52:01,%RH,41,615
15/06/22 15:52:01,%RH,59,52
15/06/22 16:52:01,%RH,49,47
15/06/22 17:52:01,%RH,86,539
15/06/22 18:52:01,%RH,98,25
15/06/22 19:52:01,%RH,97,271
15/06/22 20:52:01,%RH,100,66
15/06/22 21:52:01,%RH,98,372
15/06/22 22:52:01,%RH,97,639
15/06/22 23:52:01,%RH,98,737
16/06/22 0:52:01,%RH,99,584
16/06/22 1:52:01,%RH,99,584
16/06/22 2:52:01,%RH,99,825
16/06/22 3:52:01,%RH,100,425
16/06/22 4:52:01,%RH,100,545
16/06/22 5:52:01,%RH,101,23
16/06/22 6:52:01,%RH,101,23
16/06/22 7:52:01,%RH,100,545
16/06/22 8:52:01,%RH,89,3
16/06/22 9:52:01,%RH,90,79
16/06/22 10:52:01,%RH,69,329
16/06/22 11:52:01,%RH,83,32
16/06/22 12:52:01,%RH,92,9
16/06/22 13:52:01,%RH,97,25
16/06/22 14:52:01,%RH,88,908
16/06/22 15:52:01,%RH,79,618
16/06/22 16:52:01,%RH,85,34
16/06/22 17:52:01,%RH,92,136
16/06/22 18:52:01,%RH,87,201
16/06/22 19:52:01,%RH,87,69
16/06/22 20:52:01,%RH,90,854
16/06/22 21:52:01,%RH,96,37
16/06/22 22:52:01,%RH,97,148
16/06/22 23:52:01,%RH,98,6
17/06/22 0:52:01,%RH,98,858
17/06/22 1:52:01,%RH,98,615
17/06/22 2:52:01,%RH,98,737
17/06/22 3:52:01,%RH,100,186
17/06/22 4:52:01,%RH,101,38
17/06/22 5:52:01,%RH,101,142
17/06/22 6:52:01,%RH,101,854
17/06/22 7:52:01,%RH,102,327
17/06/22 8:52:01,%RH,99,825
17/06/22 9:52:01,%RH,92,773
17/06/22 10:52:01,%RH,68,592
17/06/22 11:52:01,%RH,52,913
17/06/22 12:52:01,%RH,49,696
17/06/22 13:52:01,%RH,45,608
17/06/22 14:52:01,%RH,37,212
17/06/22 15:52:01,%RH,38,745
17/06/22 16:52:01,%RH,35,326
17/06/22 17:52:01,%RH,52,434
17/06/22 18:52:01,%RH,60,289
17/06/22 19:52:01,%RH,66,63
17/06/22 20:52:01,%RH,75,689
17/06/22 21:52:01,%RH,80,586
17/06/22 22:52:01,%RH,83,591
17/06/22 23:52:01,%RH,86,7
18/06/22 0:52:01,%RH,88,647
18/06/22 1:52:01,%RH,89,69
18/06/22 2:52:01,%RH,93,66
18/06/22 3:52:01,%RH,96,161
18/06/22 4:52:01,%RH,96,532
18/06/22 5:52:01,%RH,97,394
18/06/22 6:52:01,%RH,97,148
18/06/22 7:52:01,%RH,91,625
18/06/22 8:52:01,%RH,69,916
18/06/22 9:52:01,%RH,72,248
18/06/22 10:52:01,%RH,70,356
18/06/22 11:52:01,%RH,47,252
18/06/22 12:52:01,%RH,41,447
18/06/22 13:52:01,%RH,36,871
18/06/22 14:52:01,%RH,33,252
18/06/22 15:52:01,%RH,30,811
18/06/22 16:52:01,%RH,30,109
18/06/22 17:52:01,%RH,59,52
18/06/22 18:52:01,%RH,61,825
18/06/22 19:52:01,%RH,70,648
18/06/22 20:52:01,%RH,77,806
18/06/22 21:52:01,%RH,79,618
18/06/22 22:52:01,%RH,77,946
18/06/22 23:52:01,%RH,77,806
19/06/22 0:52:01,%RH,90,467
19/06/22 1:52:01,%RH,89,56
19/06/22 2:52:01,%RH,88,516
19/06/22 3:52:01,%RH,92,773
19/06/22 4:52:01,%RH,96,902
19/06/22 5:52:01,%RH,95,416
19/06/22 6:52:01,%RH,96,409
19/06/22 7:52:01,%RH,85,607
19/06/22 8:52:01,%RH,80,999
19/06/22 9:52:01,%RH,65,12
19/06/22 10:52:01,%RH,51,31
19/06/22 11:52:01,%RH,50,343
19/06/22 12:52:01,%RH,41,279
19/06/22 13:52:01,%RH,53,551
19/06/22 14:52:01,%RH,50,505
19/06/22 15:52:01,%RH,29,405
19/06/22 16:52:01,%RH,40,606
19/06/22 17:52:01,%RH,48,396
19/06/22 18:52:01,%RH,63,653
19/06/22 19:52:01,%RH,63,46
19/06/22 20:52:01,%RH,69,77
19/06/22 21:52:01,%RH,74,407
19/06/22 22:52:01,%RH,78,365
19/06/22 23:52:01,%RH,81,685
20/06/22 0:52:01,%RH,84,266
20/06/22 1:52:01,%RH,89,3
20/06/22 2:52:01,%RH,93,786
20/06/22 3:52:01,%RH,94,164
20/06/22 4:52:01,%RH,96,285
20/06/22 5:52:01,%RH,96,779
20/06/22 6:52:01,%RH,96,656
20/06/22 7:52:01,%RH,83,861
20/06/22 8:52:01,%RH,56,241
20/06/22 9:52:01,%RH,49,372
20/06/22 10:52:01,%RH,40,269
20/06/22 11:52:01,%RH,46,431
20/06/22 12:52:01,%RH,36,528
20/06/22 13:52:01,%RH,44,782
20/06/22 14:52:01,%RH,60,135
20/06/22 15:52:01,%RH,32,731
20/06/22 16:52:01,%RH,36,14
20/06/22 17:52:01,%RH,51,149
20/06/22 18:52:01,%RH,55,453
20/06/22 19:52:01,%RH,65,464
20/06/22 20:52:01,%RH,71,958
20/06/22 21:52:01,%RH,77,103
20/06/22 22:52:01,%RH,81,822
20/06/22 23:52:01,%RH,83,49
21/06/22 0:52:01,%RH,95,665
21/06/22 1:52:01,%RH,96,532
21/06/22 2:52:01,%RH,97,271
21/06/22 3:52:01,%RH,98,494
21/06/22 4:52:01,%RH,99,705
21/06/22 5:52:01,%RH,99,945
21/06/22 6:52:01,%RH,100,904
21/06/22 7:52:01,%RH,100,66
21/06/22 8:52:01,%RH,99,343
21/06/22 9:52:01,%RH,75,405
21/06/22 10:52:01,%RH,91,753
21/06/22 11:52:01,%RH,67,406
21/06/22 12:52:01,%RH,69,329
21/06/22 13:52:01,%RH,71,86
21/06/22 14:52:01,%RH,60,905
21/06/22 15:52:01,%RH,59,52
21/06/22 16:52:01,%RH,52,913
21/06/22 17:52:01,%RH,64,409
21/06/22 18:52:01,%RH,74,264
21/06/22 19:52:01,%RH,75,263
21/06/22 20:52:01,%RH,95,416
21/06/22 21:52:01,%RH,99,343
21/06/22 22:52:01,%RH,99,584
21/06/22 23:52:01,%RH,101,142
22/06/22 0:52:01,%RH,101,261
22/06/22 1:52:01,%RH,102,563
22/06/22 2:52:01,%RH,101,142
22/06/22 3:52:01,%RH,101,261
22/06/22 4:52:01,%RH,101,973
22/06/22 5:52:01,%RH,101,973
22/06/22 6:52:01,%RH,101,499
22/06/22 7:52:01,%RH,102,91
22/06/22 8:52:01,%RH,97,884
22/06/22 9:52:01,%RH,99,101
22/06/22 10:52:01,%RH,71,377
22/06/22 11:52:01,%RH,59,981
22/06/22 12:52:01,%RH,57,26
22/06/22 13:52:01,%RH,45,773
22/06/22 14:52:01,%RH,46,267
22/06/22 15:52:01,%RH,49,372
22/06/22 16:52:01,%RH,53,73
22/06/22 17:52:01,%RH,57,495
22/06/22 18:52:01,%RH,69,623
22/06/22 19:52:01,%RH,76,256
22/06/22 20:52:01,%RH,83,185
22/06/22 21:52:01,%RH,87,201
22/06/22 22:52:01,%RH,89,56
22/06/22 23:52:01,%RH,90,854
23/06/22 0:52:01,%RH,91,368
23/06/22 1:52:01,%RH,93,66
23/06/22 2:52:01,%RH,96,161
23/06/22 3:52:01,%RH,97,884
23/06/22 4:52:01,%RH,99,463
23/06/22 5:52:01,%RH,99,705
23/06/22 6:52:01,%RH,99,825
23/06/22 7:52:01,%RH,98,615
23/06/22 8:52:01,%RH,98,372
23/06/22 9:52:01,%RH,100,545
23/06/22 10:52:01,%RH,100,904
23/06/22 11:52:01,%RH,101,617
23/06/22 12:52:01,%RH,98,128
23/06/22 13:52:01,%RH,89,949
23/06/22 14:52:01,%RH,69,623
23/06/22 15:52:01,%RH,63,653
23/06/22 16:52:01,%RH,53,232
23/06/22 17:52:01,%RH,64,862
23/06/22 18:52:01,%RH,71,668
23/06/22 19:52:01,%RH,82,369
23/06/22 20:52:01,%RH,88,647
23/06/22 21:52:01,%RH,94,38
23/06/22 22:52:01,%RH,95,913
23/06/22 23:52:01,%RH,95,913
24/06/22 0:52:01,%RH,97,884
24/06/22 1:52:01,%RH,98,128
24/06/22 2:52:01,%RH,99,584
24/06/22 3:52:01,%RH,100,784
24/06/22 4:52:01,%RH,99,584
24/06/22 5:52:01,%RH,100,186
24/06/22 6:52:01,%RH,98,98
24/06/22 7:52:01,%RH,95,54
24/06/22 8:52:01,%RH,81,137
24/06/22 9:52:01,%RH,89,69
24/06/22 10:52:01,%RH,66,363
24/06/22 11:52:01,%RH,54,28
24/06/22 12:52:01,%RH,42,953
24/06/22 13:52:01,%RH,38,405
24/06/22 14:52:01,%RH,35,498
24/06/22 15:52:01,%RH,38,235
24/06/22 16:52:01,%RH,43,453
24/06/22 17:52:01,%RH,54,346
24/06/22 18:52:01,%RH,62,436
24/06/22 19:52:01,%RH,65,313
24/06/22 20:52:01,%RH,75,831
24/06/22 21:52:01,%RH,94,54
24/06/22 22:52:01,%RH,95,789
24/06/22 23:52:01,%RH,100,66
25/06/22 0:52:01,%RH,100,66
25/06/22 1:52:01,%RH,100,784
25/06/22 2:52:01,%RH,101,499
25/06/22 3:52:01,%RH,100,665
25/06/22 4:52:01,%RH,101,261
25/06/22 5:52:01,%RH,101,499
25/06/22 6:52:01,%RH,101,261
25/06/22 7:52:01,%RH,92,773
25/06/22 8:52:01,%RH,89,169
25/06/22 9:52:01,%RH,61,978
25/06/22 10:52:01,%RH,63,653
25/06/22 11:52:01,%RH,49,696
25/06/22 12:52:01,%RH,38,235
25/06/22 13:52:01,%RH,36,185
25/06/22 14:52:01,%RH,32,731
25/06/22 15:52:01,%RH,44,45
25/06/22 16:52:01,%RH,36,185
25/06/22 17:52:01,%RH,51,31
25/06/22 18:52:01,%RH,57,807
25/06/22 19:52:01,%RH,64,409
25/06/22 20:52:01,%RH,74,55
25/06/22 21:52:01,%RH,82,369
25/06/22 22:52:01,%RH,84,804
25/06/22 23:52:01,%RH,88,385
26/06/22 0:52:01,%RH,90,338
26/06/22 1:52:01,%RH,92,391
26/06/22 2:52:01,%RH,93,912
26/06/22 3:52:01,%RH,96,285
26/06/22 4:52:01,%RH,97,394
26/06/22 5:52:01,%RH,96,656
26/06/22 6:52:01,%RH,97,639
26/06/22 7:52:01,%RH,70,94
26/06/22 8:52:01,%RH,58,742
26/06/22 9:52:01,%RH,50,181
26/06/22 10:52:01,%RH,39,254
26/06/22 11:52:01,%RH,43,952
26/06/22 12:52:01,%RH,36,185
26/06/22 13:52:01,%RH,30,811
26/06/22 14:52:01,%RH,27,106
26/06/22 15:52:01,%RH,26,928
26/06/22 16:52:01,%RH,25,502
26/06/22 17:52:01,%RH,43,62
26/06/22 18:52:01,%RH,52,113
26/06/22 19:52:01,%RH,59,517
26/06/22 20:52:01,%RH,68,296
26/06/22 21:52:01,%RH,70,502
26/06/22 22:52:01,%RH,80,586
26/06/22 23:52:01,%RH,82,232
27/06/22 0:52:01,%RH,87,201
27/06/22 1:52:01,%RH,90,79
27/06/22 2:52:01,%RH,91,753
27/06/22 3:52:01,%RH,94,916
27/06/22 4:52:01,%RH,96,779
27/06/22 5:52:01,%RH,98,615
27/06/22 6:52:01,%RH,99,101
27/06/22 7:52:01,%RH,77,946
27/06/22 8:52:01,%RH,59,52
27/06/22 9:52:01,%RH,49,696
27/06/22 10:52:01,%RH,41,95
27/06/22 11:52:01,%RH,35,154
27/06/22 12:52:01,%RH,31,511
27/06/22 13:52:01,%RH,28,877
27/06/22 14:52:01,%RH,23,709
27/06/22 15:52:01,%RH,25,502
27/06/22 16:52:01,%RH,27,461
27/06/22 17:52:01,%RH,43,453
27/06/22 18:52:01,%RH,52,113
27/06/22 19:52:01,%RH,57,182
27/06/22 20:52:01,%RH,60,597
27/06/22 21:52:01,%RH,70,94
27/06/22 22:52:01,%RH,78,226
27/06/22 23:52:01,%RH,81,411
28/06/22 0:52:01,%RH,83,32
28/06/22 1:52:01,%RH,88,123
28/06/22 2:52:01,%RH,91,368
28/06/22 3:52:01,%RH,92,773
28/06/22 4:52:01,%RH,96,161
28/06/22 5:52:01,%RH,97,639
28/06/22 6:52:01,%RH,98,615
28/06/22 7:52:01,%RH,79,757
28/06/22 8:52:01,%RH,62,436
28/06/22 9:52:01,%RH,48,233
28/06/22 10:52:01,%RH,46,924
28/06/22 11:52:01,%RH,36,699
28/06/22 12:52:01,%RH,29,757
28/06/22 13:52:01,%RH,26,38
28/06/22 14:52:01,%RH,22,808
28/06/22 15:52:01,%RH,24,428
28/06/22 16:52:01,%RH,29,53
28/06/22 17:52:01,%RH,42,285
28/06/22 18:52:01,%RH,57,495
28/06/22 19:52:01,%RH,62,436
28/06/22 20:52:01,%RH,70,94
28/06/22 21:52:01,%RH,80,31
28/06/22 22:52:01,%RH,83,32
28/06/22 23:52:01,%RH,86,7
29/06/22 0:52:01,%RH,89,69
29/06/22 1:52:01,%RH,91,497
29/06/22 2:52:01,%RH,92,264
29/06/22 3:52:01,%RH,92,9
29/06/22 4:52:01,%RH,95,665
29/06/22 5:52:01,%RH,97,639
29/06/22 6:52:01,%RH,98,6
29/06/22 7:52:01,%RH,94,289
29/06/22 8:52:01,%RH,81,137
29/06/22 9:52:01,%RH,54,28
29/06/22 10:52:01,%RH,47,906
29/06/22 11:52:01,%RH,38,915
29/06/22 12:52:01,%RH,37,554
29/06/22 13:52:01,%RH,32,905
29/06/22 14:52:01,%RH,25,145
29/06/22 15:52:01,%RH,27,106
29/06/22 16:52:01,%RH,27,816
29/06/22 17:52:01,%RH,42,452
29/06/22 18:52:01,%RH,49,209
29/06/22 19:52:01,%RH,58,897
29/06/22 20:52:01,%RH,61,366
29/06/22 21:52:01,%RH,70,21
29/06/22 22:52:01,%RH,74,835
29/06/22 23:52:01,%RH,78,784
30/06/22 0:52:01,%RH,83,591
30/06/22 1:52:01,%RH,86,671
30/06/22 2:52:01,%RH,87,86
30/06/22 3:52:01,%RH,87,465
30/06/22 4:52:01,%RH,88,516
30/06/22 5:52:01,%RH,91,497
30/06/22 6:52:01,%RH,90,467
30/06/22 7:52:01,%RH,70,502
30/06/22 8:52:01,%RH,55,137
30/06/22 9:52:01,%RH,47,743
30/06/22 10:52:01,%RH,41,447
30/06/22 11:52:01,%RH,36,871
30/06/22 12:52:01,%RH,32,731
30/06/22 13:52:01,%RH,62,131
30/06/22 14:52:01,%RH,72,248
30/06/22 15:52:01,%RH,79,896
30/06/22 16:52:01,%RH,74,835
30/06/22 17:52:01,%RH,78,226
30/06/22 18:52:01,%RH,80,999
30/06/22 19:52:01,%RH,82,96
30/06/22 20:52:01,%RH,81,549
30/06/22 21:52:01,%RH,80,724
30/06/22 22:52:01,%RH,81,137
30/06/22 23:52:01,%RH,80,448
1/7/2022 0:52,%RH,80,999
1/7/2022 1:52,%RH,80,724
1/7/2022 2:52,%RH,79,757
1/7/2022 3:52,%RH,79,618
1/7/2022 4:52,%RH,79,341
1/7/2022 5:52,%RH,78,226
1/7/2022 6:52,%RH,78,645
1/7/2022 7:52,%RH,78,505
1/7/2022 8:52,%RH,78,226
1/7/2022 9:52,%RH,78,86
1/7/2022 10:52,%RH,77,665
1/7/2022 11:52,%RH,77,806
1/7/2022 12:52,%RH,76,68
1/7/2022 13:52,%RH,76,256
1/7/2022 14:52,%RH,75,547
1/7/2022 15:52,%RH,75,263
1/7/2022 16:52,%RH,73,834
1/7/2022 17:52,%RH,73,834
1/7/2022 18:52,%RH,73,977
1/7/2022 19:52,%RH,73,977
1/7/2022 20:52,%RH,73,69
1/7/2022 21:52,%RH,73,259
1/7/2022 22:52,%RH,73,259
1/7/2022 23:52,%RH,73,69
2/7/2022 0:52,%RH,73,115
2/7/2022 1:52,%RH,72,826
2/7/2022 2:52,%RH,73,115
2/7/2022 3:52,%RH,73,546
2/7/2022 4:52,%RH,73,834
2/7/2022 5:52,%RH,73,69
2/7/2022 6:52,%RH,73,834
2/7/2022 7:52,%RH,74,264
2/7/2022 8:52,%RH,74,407
2/7/2022 9:52,%RH,73,834
2/7/2022 10:52,%RH,75,689
2/7/2022 11:52,%RH,73,546
2/7/2022 12:52,%RH,73,115
2/7/2022 13:52,%RH,72,393
2/7/2022 14:52,%RH,72,826
2/7/2022 15:52,%RH,71,813
2/7/2022 16:52,%RH,72,248
2/7/2022 17:52,%RH,71,813
2/7/2022 18:52,%RH,71,86
2/7/2022 19:52,%RH,70,794
2/7/2022 20:52,%RH,71,86
2/7/2022 21:52,%RH,71,86
2/7/2022 22:52,%RH,71,86
2/7/2022 23:52,%RH,71,813
3/7/2022 0:52,%RH,72,103
3/7/2022 1:52,%RH,72,393
3/7/2022 2:52,%RH,73,546
3/7/2022 3:52,%RH,73,546
3/7/2022 4:52,%RH,73,403
3/7/2022 5:52,%RH,74,264
3/7/2022 6:52,%RH,74,55
3/7/2022 7:52,%RH,75,973
3/7/2022 8:52,%RH,75,973
3/7/2022 9:52,%RH,75,263
3/7/2022 10:52,%RH,75,12
3/7/2022 11:52,%RH,75,547
3/7/2022 12:52,%RH,75,12
3/7/2022 13:52,%RH,75,973
3/7/2022 14:52,%RH,76,256
3/7/2022 15:52,%RH,75,831
3/7/2022 16:52,%RH,75,405
3/7/2022 17:52,%RH,73,834
3/7/2022 18:52,%RH,73,834
3/7/2022 19:52,%RH,72,103
3/7/2022 20:52,%RH,71,232
3/7/2022 21:52,%RH,71,377
3/7/2022 22:52,%RH,72,248
3/7/2022 23:52,%RH,72,248
4/7/2022 0:52,%RH,72,103
4/7/2022 1:52,%RH,72,971
4/7/2022 2:52,%RH,72,393
4/7/2022 3:52,%RH,72,248
4/7/2022 4:52,%RH,72,103
4/7/2022 5:52,%RH,72,682
4/7/2022 6:52,%RH,73,403
4/7/2022 7:52,%RH,73,977
4/7/2022 8:52,%RH,73,69
4/7/2022 9:52,%RH,73,69
4/7/2022 10:52,%RH,73,834
4/7/2022 11:52,%RH,73,977
4/7/2022 12:52,%RH,73,69
4/7/2022 13:52,%RH,73,834
4/7/2022 14:52,%RH,72,971
4/7/2022 15:52,%RH,72,971
4/7/2022 16:52,%RH,72,682
4/7/2022 17:52,%RH,72,103
4/7/2022 18:52,%RH,72,682
4/7/2022 19:52,%RH,71,958
4/7/2022 20:52,%RH,71,523
4/7/2022 21:52,%RH,70,94
4/7/2022 22:52,%RH,71,86
4/7/2022 23:52,%RH,71,232
5/7/2022 0:52,%RH,71,377
5/7/2022 1:52,%RH,71,523
5/7/2022 2:52,%RH,70,794
5/7/2022 3:52,%RH,71,668
5/7/2022 4:52,%RH,72,537
5/7/2022 5:52,%RH,72,826
5/7/2022 6:52,%RH,73,115
5/7/2022 7:52,%RH,74,693
5/7/2022 8:52,%RH,73,69
5/7/2022 9:52,%RH,71,668
5/7/2022 10:52,%RH,74,264
5/7/2022 11:52,%RH,74,264
5/7/2022 12:52,%RH,72,103
5/7/2022 13:52,%RH,69,182
5/7/2022 14:52,%RH,68,887
5/7/2022 15:52,%RH,67,555
5/7/2022 16:52,%RH,66,811
5/7/2022 17:52,%RH,64,862
5/7/2022 18:52,%RH,73,977
5/7/2022 19:52,%RH,76,115
5/7/2022 20:52,%RH,75,263
5/7/2022 21:52,%RH,75,12
5/7/2022 22:52,%RH,73,977
5/7/2022 23:52,%RH,74,55
6/7/2022 0:52,%RH,73,69
6/7/2022 1:52,%RH,72,826
6/7/2022 2:52,%RH,73,115
6/7/2022 3:52,%RH,72,682
6/7/2022 4:52,%RH,72,537
6/7/2022 5:52,%RH,72,826
6/7/2022 6:52,%RH,72,682
6/7/2022 7:52,%RH,71,813
6/7/2022 8:52,%RH,72,971
6/7/2022 9:52,%RH,71,958
6/7/2022 10:52,%RH,71,813
6/7/2022 11:52,%RH,72,537
6/7/2022 12:52,%RH,72,971
6/7/2022 13:52,%RH,72,682
6/7/2022 14:52,%RH,72,682
6/7/2022 15:52,%RH,72,393
6/7/2022 16:52,%RH,71,813
6/7/2022 17:52,%RH,71,958
6/7/2022 18:52,%RH,72,393
6/7/2022 19:52,%RH,71,668
6/7/2022 20:52,%RH,71,668
6/7/2022 21:52,%RH,71,523
6/7/2022 22:52,%RH,71,523
6/7/2022 23:52,%RH,71,668
7/7/2022 0:52,%RH,71,668
7/7/2022 1:52,%RH,71,668
7/7/2022 2:52,%RH,71,523
7/7/2022 3:52,%RH,71,958
7/7/2022 4:52,%RH,71,86
7/7/2022 5:52,%RH,71,668
7/7/2022 6:52,%RH,71,377
7/7/2022 7:52,%RH,71,668
7/7/2022 8:52,%RH,71,523
7/7/2022 9:52,%RH,71,668
7/7/2022 10:52,%RH,71,232
7/7/2022 11:52,%RH,71,377
7/7/2022 12:52,%RH,71,86
7/7/2022 13:52,%RH,71,813
7/7/2022 14:52,%RH,71,377
7/7/2022 15:52,%RH,70,94
7/7/2022 16:52,%RH,70,94
7/7/2022 17:52,%RH,71,232
7/7/2022 18:52,%RH,70,794
7/7/2022 19:52,%RH,71,86
7/7/2022 20:52,%RH,70,794
7/7/2022 21:52,%RH,70,94
7/7/2022 22:52,%RH,70,648
7/7/2022 23:52,%RH,71,813
8/7/2022 0:52,%RH,71,377
8/7/2022 1:52,%RH,71,813
8/7/2022 2:52,%RH,70,648
8/7/2022 3:52,%RH,71,86
8/7/2022 4:52,%RH,70,21
8/7/2022 5:52,%RH,71,86
8/7/2022 6:52,%RH,70,356
8/7/2022 7:52,%RH,69,916
8/7/2022 8:52,%RH,70,648
8/7/2022 9:52,%RH,70,794
8/7/2022 10:52,%RH,72,537
8/7/2022 11:52,%RH,69,77
8/7/2022 12:52,%RH,72,248
8/7/2022 13:52,%RH,70,94
8/7/2022 14:52,%RH,69,623
8/7/2022 15:52,%RH,70,648
8/7/2022 16:52,%RH,69,77
8/7/2022 17:52,%RH,69,77
8/7/2022 18:52,%RH,70,63
8/7/2022 19:52,%RH,70,63
8/7/2022 20:52,%RH,69,916
8/7/2022 21:52,%RH,69,916
8/7/2022 22:52,%RH,70,63
8/7/2022 23:52,%RH,70,63
9/7/2022 0:52,%RH,69,916
9/7/2022 1:52,%RH,70,21
9/7/2022 2:52,%RH,70,502
9/7/2022 3:52,%RH,69,916
9/7/2022 4:52,%RH,70,21
9/7/2022 5:52,%RH,69,77
9/7/2022 6:52,%RH,70,502
9/7/2022 7:52,%RH,70,356
9/7/2022 8:52,%RH,70,794
9/7/2022 9:52,%RH,70,63
9/7/2022 10:52,%RH,70,356
9/7/2022 11:52,%RH,70,648
9/7/2022 12:52,%RH,70,94
9/7/2022 13:52,%RH,70,502
9/7/2022 14:52,%RH,70,356
9/7/2022 15:52,%RH,70,63
9/7/2022 16:52,%RH,70,356
9/7/2022 17:52,%RH,70,794
9/7/2022 18:52,%RH,70,502
9/7/2022 19:52,%RH,70,21
9/7/2022 20:52,%RH,70,356
9/7/2022 21:52,%RH,70,502
9/7/2022 22:52,%RH,70,648
9/7/2022 23:52,%RH,70,21
10/7/2022 0:52,%RH,70,21
10/7/2022 1:52,%RH,70,21
10/7/2022 2:52,%RH,70,21
10/7/2022 3:52,%RH,70,356
10/7/2022 4:52,%RH,70,502
10/7/2022 5:52,%RH,70,502
10/7/2022 6:52,%RH,70,648
10/7/2022 7:52,%RH,70,648
10/7/2022 8:52,%RH,70,356
10/7/2022 9:52,%RH,70,648
10/7/2022 10:52,%RH,70,356
10/7/2022 11:52,%RH,71,232
10/7/2022 12:52,%RH,70,794
10/7/2022 13:52,%RH,71,86
10/7/2022 14:52,%RH,70,94
10/7/2022 15:52,%RH,71,377
10/7/2022 16:52,%RH,70,794
10/7/2022 17:52,%RH,70,502
10/7/2022 18:52,%RH,71,523
10/7/2022 19:52,%RH,71,232
10/7/2022 20:52,%RH,70,794
10/7/2022 21:52,%RH,71,86
10/7/2022 22:52,%RH,70,94
10/7/2022 23:52,%RH,70,94
11/7/2022 0:52,%RH,71,86
11/7/2022 1:52,%RH,71,86
11/7/2022 2:52,%RH,70,648
11/7/2022 3:52,%RH,70,94
11/7/2022 4:52,%RH,70,502
11/7/2022 5:52,%RH,70,648
11/7/2022 6:52,%RH,70,21
11/7/2022 7:52,%RH,70,21
11/7/2022 8:52,%RH,70,94
11/7/2022 9:52,%RH,70,794
11/7/2022 10:52,%RH,70,648
11/7/2022 11:52,%RH,70,794
11/7/2022 12:52,%RH,70,94
11/7/2022 13:52,%RH,70,21
11/7/2022 14:52,%RH,70,21
11/7/2022 15:52,%RH,70,63
11/7/2022 16:52,%RH,70,63
11/7/2022 17:52,%RH,70,63
11/7/2022 18:52,%RH,70,21
11/7/2022 19:52,%RH,70,356
11/7/2022 20:52,%RH,70,21
11/7/2022 21:52,%RH,70,63
11/7/2022 22:52,%RH,70,648
11/7/2022 23:52,%RH,69,916
12/7/2022 0:52,%RH,69,916
12/7/2022 1:52,%RH,70,63
12/7/2022 2:52,%RH,69,916
12/7/2022 3:52,%RH,69,916
12/7/2022 4:52,%RH,70,356
12/7/2022 5:52,%RH,69,77
12/7/2022 6:52,%RH,69,77
12/7/2022 7:52,%RH,70,63
12/7/2022 8:52,%RH,70,63
12/7/2022 9:52,%RH,69,916
12/7/2022 10:52,%RH,70,502
12/7/2022 11:52,%RH,70,648
12/7/2022 12:52,%RH,70,21
12/7/2022 13:52,%RH,70,648
12/7/2022 14:52,%RH,70,21
12/7/2022 15:52,%RH,70,356
12/7/2022 16:52,%RH,70,21
12/7/2022 17:52,%RH,69,916
12/7/2022 18:52,%RH,70,502
12/7/2022 19:52,%RH,70,356
12/7/2022 20:52,%RH,69,77
12/7/2022 21:52,%RH,70,63
